<?xml version="1.0" encoding="UTF-8"?>
<project-private xmlns="http://www.netbeans.org/ns/project-private/1">
    <editor-bookmarks xmlns="http://www.netbeans.org/ns/editor-bookmarks/2" lastBookmarkId="0"/>
    <open-files xmlns="http://www.netbeans.org/ns/projectui-open-files/2">
        <group>
            <file>file:/C:/Users/aluno/Desktop/Augusto_2DS/src/Exercicio_8_3_2023/Exercicio_11.java</file>
            <file>file:/C:/Users/aluno/Desktop/Augusto_2DS/src/Exercicio_8_3_2023/Exercicio_10.java</file>
        </group>
    </open-files>
</project-private>
